Service,Cost_INR
Ai,19594.16667946257
Compute,19756.460755467197
Database,14217.268546255507
Networking,16787.4936928702
Storage,19112.793093812375
