Metric,Value
Our_Cost,1582.3537374999996
Industry_Benchmark,1424.1183637499996
