Service,Cost_INR
AI,18493.748586278587
Compute,20979.298607594934
Database,18599.968784313725
Networking,24155.613271983642
Storage,15521.99332038835
