Service,Cost_INR
AI,13865.094830508475
Compute,14775.565862785863
Database,21843.64794117647
Networking,14266.887178988327
Storage,16639.879871794874
