Region,carbon
ap-south-1,2143.6480926
us-east-1,703.8543496
