Region,carbon
ap-south-1,79.996654798
us-east-1,174.12455139
