Account,Usage_seconds
ACCT-001,529547.8602580645
ACCT-002,445891.0448636364
ACCT-003,537109.437152698
