Account,Usage_seconds
ACCT-001,426049.78943290736
ACCT-002,470414.1239865996
ACCT-003,531501.9728387096
