Account,Usage_seconds
ACCT-001,483969.78843383584
ACCT-002,682294.1884469097
ACCT-003,343758.6125806452
