TS,Cost_INR
1,2510007.12
2,4291035.68
3,2430220.39
4,3808120.24
5,4028039.18
6,3202896.01
7,3829240.92
8,6845409.31
9,3593641.41
10,4692411.55
11,4077693.38
12,2050253.72
13,4163187.5115151517
14,4222152.655466201
15,4281117.799417249
