TS,Cost_INR
1,4351680.67
2,2862034.93
3,4939259.5600000005
4,3623913.93
5,6593308.9
6,4372821.32
7,5000114.609999999
8,5061352.3
9,2785196.94
10,3831503.23
11,3722273.19
12,988126.5599999999
