month,Cost_INR,forecast
2026-01,117777.70999999999,
2026-02,62811.69,90294.7
2026-03,133501.42,98156.55500000001
2026-04,90263.26999999999,111882.345
2026-05,131975.31,111119.29
2026-06,83129.28,107552.295
2026-07,121697.18,102413.23
2026-08,194371.77,158034.47499999998
2026-09,98280.93,146326.34999999998
2026-10,82443.08,90362.005
2026-11,112646.93,97545.005
2026-12,36984.42,74815.67499999999
