Service,avg_unit_cost
Ai,0.12820801499643456
Compute,0.11102989687905478
Database,0.07250277581541997
Networking,0.1322803629369635
Storage,0.20554439442369665
