Service,Unit_Cost
Ai,15.501530183176712
Compute,13.733637709835406
Database,13.705748936361372
Networking,17.60575224003104
Storage,13.35760323910984
