Service,Unit_Cost
AI,13.300011343759408
Compute,13.659986572073725
Database,15.498766066528143
Networking,15.03998247796216
Storage,12.054335704844222
