Service,Unit_Cost
AI,12.905161805247443
Compute,16.563119942201403
Database,13.461264540658641
Networking,16.54526603951199
Storage,15.561440242129969
